-- PNJ Cleaning Database Dump
-- Generated: 2026-02-01 11:48:58.756708

-- 1. Schema Definitions

CREATE TABLE IF NOT EXISTS users (
    id BIGINT GENERATED BY DEFAULT AS IDENTITY PRIMARY KEY,
    username TEXT NOT NULL UNIQUE,
    email TEXT UNIQUE,
    password TEXT NOT NULL,
    created_at TIMESTAMP WITH TIME ZONE DEFAULT NOW()
);

CREATE TABLE IF NOT EXISTS clients (
    client_name TEXT PRIMARY KEY,
    company TEXT,
    address TEXT,
    portal_token TEXT UNIQUE,
    portal_enabled BOOLEAN DEFAULT TRUE,
    archived BOOLEAN DEFAULT FALSE,
    created_at TIMESTAMP WITH TIME ZONE DEFAULT NOW()
);

CREATE TABLE IF NOT EXISTS engineers (
    contact_name TEXT PRIMARY KEY,
    email TEXT,
    phone TEXT,
    address TEXT,
    created_at TIMESTAMP WITH TIME ZONE DEFAULT NOW()
);

CREATE TABLE IF NOT EXISTS site_contacts (
    contact_name TEXT PRIMARY KEY,
    email TEXT,
    phone TEXT,
    created_at TIMESTAMP WITH TIME ZONE DEFAULT NOW()
);

CREATE TABLE IF NOT EXISTS brands (
    id BIGINT GENERATED BY DEFAULT AS IDENTITY PRIMARY KEY,
    brand_name TEXT UNIQUE,
    created_at TIMESTAMP WITH TIME ZONE DEFAULT NOW()
);

CREATE TABLE IF NOT EXISTS client_sites (
    id BIGINT GENERATED BY DEFAULT AS IDENTITY PRIMARY KEY,
    client_name TEXT REFERENCES clients(client_name),
    site_name TEXT NOT NULL,
    address TEXT,
    brand_name TEXT REFERENCES brands(brand_name),
    archived BOOLEAN DEFAULT FALSE,
    created_at TIMESTAMP WITH TIME ZONE DEFAULT NOW()
);

CREATE TABLE IF NOT EXISTS jobs (
    id BIGINT GENERATED BY DEFAULT AS IDENTITY PRIMARY KEY,
    job_number TEXT UNIQUE,
    date DATE NOT NULL,
    time TIME NOT NULL,
    brand TEXT,
    site_name TEXT,
    priority TEXT,
    status TEXT DEFAULT 'Scheduled',
    job_type TEXT DEFAULT 'Extraction',
    client_name TEXT REFERENCES clients(client_name),
    company TEXT,
    address TEXT,
    engineer_contact_name TEXT REFERENCES engineers(contact_name),
    engineer_email TEXT,
    engineer_phone TEXT,
    site_contact_name TEXT REFERENCES site_contacts(contact_name),
    site_contact_email TEXT,
    site_contact_phone TEXT,
    notes TEXT,
    photos TEXT,
    created_at TIMESTAMP WITH TIME ZONE DEFAULT NOW()
);

CREATE TABLE IF NOT EXISTS engineer_diary (
    id BIGINT GENERATED BY DEFAULT AS IDENTITY PRIMARY KEY,
    engineer_name TEXT REFERENCES engineers(contact_name),
    date DATE NOT NULL,
    status TEXT,
    notes TEXT,
    created_at TIMESTAMP WITH TIME ZONE DEFAULT NOW()
);

CREATE TABLE IF NOT EXISTS password_resets (
    id BIGINT GENERATED BY DEFAULT AS IDENTITY PRIMARY KEY,
    email TEXT UNIQUE,
    token TEXT,
    created_at TIMESTAMP WITH TIME ZONE DEFAULT NOW()
);

CREATE TABLE IF NOT EXISTS extraction_reports (
    id BIGINT GENERATED BY DEFAULT AS IDENTITY PRIMARY KEY,
    job_number TEXT,
    company TEXT,
    date DATE,
    time TIME,
    brand TEXT,
    address TEXT,
    contact_name TEXT,
    contact_number TEXT,
    job_type TEXT DEFAULT 'Extraction',
    status TEXT DEFAULT 'Draft',
    risk_pre INTEGER,
    risk_post INTEGER,
    remedial_requirements TEXT,
    risk_improvements TEXT,
    cleaning_interval_current TEXT,
    cleaning_interval_recommended TEXT,
    sketch_details TEXT,
    issue_description TEXT,
    work_done TEXT,
    recommendations TEXT,
    photos_taken TEXT,
    photos_path TEXT,
    client_signature TEXT,
    engineer_signature TEXT,
    created_at TIMESTAMP WITH TIME ZONE DEFAULT NOW()
);

CREATE TABLE IF NOT EXISTS extraction_micron_readings (
    id BIGINT GENERATED BY DEFAULT AS IDENTITY PRIMARY KEY,
    report_id BIGINT REFERENCES extraction_reports(id),
    location TEXT,
    description TEXT,
    pre_clean INTEGER,
    post_clean INTEGER
);

CREATE TABLE IF NOT EXISTS extraction_photos (
    id BIGINT GENERATED BY DEFAULT AS IDENTITY PRIMARY KEY,
    report_id BIGINT REFERENCES extraction_reports(id),
    photo_type TEXT,
    photo_path TEXT,
    caption TEXT,
    inspection_item TEXT
);

CREATE TABLE IF NOT EXISTS extraction_inspection_items (
    id BIGINT GENERATED BY DEFAULT AS IDENTITY PRIMARY KEY,
    report_id BIGINT REFERENCES extraction_reports(id),
    item_name TEXT,
    pre_clean TEXT,
    success BOOLEAN DEFAULT FALSE,
    pass_status BOOLEAN DEFAULT FALSE,
    fail_status BOOLEAN DEFAULT FALSE,
    advice TEXT,
    initial TEXT
);

CREATE TABLE IF NOT EXISTS extraction_filter_items (
    id BIGINT GENERATED BY DEFAULT AS IDENTITY PRIMARY KEY,
    report_id BIGINT REFERENCES extraction_reports(id),
    filter_type TEXT,
    height INTEGER,
    width INTEGER,
    depth INTEGER,
    quantity INTEGER,
    pass_status BOOLEAN DEFAULT FALSE,
    fail_status BOOLEAN DEFAULT FALSE
);

-- 2. Data Insertion

-- Data for users
INSERT INTO users (id, password, created_at, username, email) VALUES (1, '$2b$12$R4nwGvPBwqnNfaSIYwPIbu9o9054fChA5giRFMZpSJR7jxbrUHmX2', '2026-01-27 12:42:28.851734', 'pnj_admin', 'admin@pnjcleaning.co.uk') ON CONFLICT DO NOTHING;
INSERT INTO users (id, password, created_at, username) VALUES (2, '$2b$12$VxMXmSOmO1iCkGMD11BmAeriJ8b7tndD8nWFnkoGcCMW0Xip9soOG', '2026-01-27 22:45:21.998788', 'Steve Mahon') ON CONFLICT DO NOTHING;
INSERT INTO users (id, password, created_at, username) VALUES (3, '$2b$12$1VkI2S7FJy5XxwIXGs1L1.m2wQWgqOqvAUtpu.Taa/Gxk1xaxi3O6', '2026-01-27 22:45:22.159602', 'Gary Kelly') ON CONFLICT DO NOTHING;
INSERT INTO users (id, password, created_at, username) VALUES (4, '$2b$12$ceSzMOCUqzXKp20KZaebVeeWGVjDZLamYE2aRQ4KhITZkM2N5FDtK', '2026-01-27 22:45:22.319957', 'Ashleigh Pearse Lovick') ON CONFLICT DO NOTHING;

-- Data for clients
INSERT INTO clients (portal_enabled, created_at, portal_token, client_name, archived) VALUES (TRUE, '2026-01-28 08:58:10.531379', '65310b0b-29a9-4d7d-a56a-ef6aed6c848e', 'Pizza Hut', FALSE) ON CONFLICT DO NOTHING;
INSERT INTO clients (portal_enabled, created_at, portal_token, client_name, archived) VALUES (TRUE, '2026-01-28 08:58:10.554624', '3ba9e844-40d4-46e3-96fe-06b670ee3bae', 'Taco Bell', FALSE) ON CONFLICT DO NOTHING;
INSERT INTO clients (company, portal_enabled, created_at, portal_token, client_name, archived) VALUES ('JM Resturants ', TRUE, '2026-01-28 08:58:10.584689', 'd03930c9-6b79-4a70-af32-be0eb427e13e', 'JM Resturants ', FALSE) ON CONFLICT DO NOTHING;
INSERT INTO clients (company, portal_enabled, created_at, portal_token, client_name, archived) VALUES ('CM Resturants', TRUE, '2026-01-28 08:58:10.591196', '3999c134-61d4-4892-9d8c-6d513fa13ce0', 'CM Resturants', FALSE) ON CONFLICT DO NOTHING;
INSERT INTO clients (company, portal_enabled, created_at, portal_token, client_name, archived) VALUES ('Iceking Resturants ', TRUE, '2026-01-28 08:58:10.598214', 'c78fe4b5-0973-4536-be76-3a6eb0e04476', 'Iceking Resturants ', FALSE) ON CONFLICT DO NOTHING;
INSERT INTO clients (company, portal_enabled, created_at, portal_token, client_name, archived) VALUES ('Springfield Catering Equipment ', TRUE, '2026-01-28 08:58:10.604725', 'ae802593-1ec7-406e-8889-31633bac990b', 'Springfield Catering Equipment ', FALSE) ON CONFLICT DO NOTHING;
INSERT INTO clients (company, portal_enabled, created_at, portal_token, client_name, archived) VALUES ('SME ENTERPRISE LTD', TRUE, '2026-01-28 08:58:10.616751', '79de83c2-61c4-4c25-9e8f-a57d15c3db05', 'SME ENTERPRISE LTD', FALSE) ON CONFLICT DO NOTHING;
INSERT INTO clients (company, portal_enabled, created_at, portal_token, client_name, archived) VALUES ('MOSSDYP LTD', TRUE, '2026-01-28 08:58:10.623108', 'c8bf68dd-0e6c-40e1-b71d-3e4dcfc0c954', 'MOSSDYP LTD', FALSE) ON CONFLICT DO NOTHING;
INSERT INTO clients (company, portal_enabled, created_at, portal_token, client_name, archived) VALUES ('ALIM INVESTMENTS LTD', TRUE, '2026-01-28 08:58:10.628626', 'c16fd122-d9d4-4b65-8d4a-7dc22e8f9c9d', 'ALIM INVESTMENTS LTD', FALSE) ON CONFLICT DO NOTHING;
INSERT INTO clients (company, portal_enabled, created_at, portal_token, client_name, archived) VALUES ('ALIM CATERERS LTD', TRUE, '2026-01-28 08:58:10.632130', '8f287eff-1df9-4989-906f-34ffb22c406d', 'ALIM CATERERS LTD', FALSE) ON CONFLICT DO NOTHING;
INSERT INTO clients (company, portal_enabled, created_at, portal_token, client_name, archived) VALUES ('SME FAST FOODS LTD', TRUE, '2026-01-28 08:58:10.636131', '6bec7098-1281-4371-b5f5-15f30d66cf25', 'SME FAST FOODS LTD', FALSE) ON CONFLICT DO NOTHING;
INSERT INTO clients (company, portal_enabled, created_at, portal_token, client_name, archived) VALUES ('SME RESTAURANTS LTD', TRUE, '2026-01-28 08:58:10.639637', '1edf81a0-6baa-4885-8e2d-a8859ffdc44f', 'SME RESTAURANTS LTD', FALSE) ON CONFLICT DO NOTHING;
INSERT INTO clients (company, portal_enabled, created_at, portal_token, client_name, archived) VALUES ('GULAB LTD', TRUE, '2026-01-28 08:58:10.644140', '4acf0f98-77ce-4eb0-8f85-d1fc9b957f2b', 'GULAB LTD', FALSE) ON CONFLICT DO NOTHING;
INSERT INTO clients (company, portal_enabled, created_at, portal_token, client_name, archived) VALUES ('FAZAL FAST FOODS LTD', TRUE, '2026-01-28 08:58:10.654654', '6d1e6d83-ba52-4d43-84f1-d02a82f92e5e', 'FAZAL FAST FOODS LTD', FALSE) ON CONFLICT DO NOTHING;
INSERT INTO clients (company, portal_enabled, created_at, portal_token, client_name, archived) VALUES ('SME (HAMMERSMITH) LTD', TRUE, '2026-01-28 08:58:10.658163', '3dd20411-807d-4cf1-8918-814b47318533', 'SME (HAMMERSMITH) LTD', FALSE) ON CONFLICT DO NOTHING;
INSERT INTO clients (company, portal_enabled, created_at, portal_token, client_name, archived) VALUES ('SME CATERERS LTD', TRUE, '2026-01-28 08:58:10.665674', '75aaec3d-e658-4b9e-8c6c-ec8c8012af72', 'SME CATERERS LTD', FALSE) ON CONFLICT DO NOTHING;
INSERT INTO clients (company, portal_enabled, created_at, portal_token, client_name, archived) VALUES ('SME TRADING LTD', TRUE, '2026-01-28 08:58:10.670205', '9672f6ea-2896-458c-85bb-1eb4e84abc83', 'SME TRADING LTD', FALSE) ON CONFLICT DO NOTHING;
INSERT INTO clients (company, portal_enabled, created_at, portal_token, client_name, archived) VALUES ('SME CORPORATION LTD', TRUE, '2026-01-28 08:58:10.678716', '0dfde421-6d66-4682-90a9-a995f63a0d0d', 'SME CORPORATION LTD', FALSE) ON CONFLICT DO NOTHING;
INSERT INTO clients (company, portal_enabled, created_at, portal_token, client_name, archived) VALUES ('SME CORPORATION (2) LTD', TRUE, '2026-01-28 08:58:10.687221', 'eb0ef6a2-743b-46db-a0f7-2134bd932a53', 'SME CORPORATION (2) LTD', FALSE) ON CONFLICT DO NOTHING;
INSERT INTO clients (company, portal_enabled, created_at, portal_token, client_name, archived) VALUES ('FT FOOS LTD', TRUE, '2026-01-28 08:58:10.698252', 'a604c8f0-14aa-4469-b61c-966fccf2a4ff', 'FT FOOS LTD', FALSE) ON CONFLICT DO NOTHING;
INSERT INTO clients (company, portal_enabled, created_at, portal_token, client_name, archived) VALUES ('GR FOODS LTD', TRUE, '2026-01-28 08:58:10.701879', 'df13df58-d9d3-4a46-af41-66e39db4ccc1', 'GR FOODS LTD', FALSE) ON CONFLICT DO NOTHING;
INSERT INTO clients (company, portal_enabled, created_at, portal_token, client_name, archived) VALUES ('MFT RESTURANTS LTD', TRUE, '2026-01-28 08:58:10.705384', '5ae256e2-4d7e-4088-b30f-d796760bbec8', 'MFT RESTURANTS LTD', FALSE) ON CONFLICT DO NOTHING;
INSERT INTO clients (company, portal_enabled, created_at, portal_token, client_name, archived) VALUES ('TAFS FOODS LTD', TRUE, '2026-01-28 08:58:10.707883', '84c7595a-fbf5-4633-8a6a-8755a941ed8a', 'TAFS FOODS LTD', FALSE) ON CONFLICT DO NOTHING;
INSERT INTO clients (portal_enabled, created_at, portal_token, client_name, archived) VALUES (TRUE, '2026-01-28 08:58:10.716908', '683dd74a-7524-40fa-bc45-758c36e45cb9', 'KFC      8920', FALSE) ON CONFLICT DO NOTHING;
INSERT INTO clients (company, portal_enabled, created_at, portal_token, client_name, archived) VALUES ('Adil Catering Ltd', TRUE, '2026-01-28 08:58:10.749990', 'f9955158-6177-4f6d-9ff0-2ab3eb460012', 'Adil Catering Ltd', FALSE) ON CONFLICT DO NOTHING;
INSERT INTO clients (company, portal_enabled, created_at, portal_token, client_name, archived) VALUES ('Adil Catering Ltd ', TRUE, '2026-01-28 08:58:10.756018', 'b8631080-a843-4a85-ba65-395329488160', 'Adil Catering Ltd ', FALSE) ON CONFLICT DO NOTHING;
INSERT INTO clients (company, portal_enabled, created_at, portal_token, client_name, archived) VALUES ('Alderforce Limited', TRUE, '2026-01-28 08:58:10.766028', '3d2974c2-81ff-4d0e-81ee-5f74f07f27a4', 'Alderforce Limited', FALSE) ON CONFLICT DO NOTHING;
INSERT INTO clients (company, portal_enabled, created_at, portal_token, client_name, archived) VALUES ('Alderforce North Limited', TRUE, '2026-01-28 08:58:10.777044', '6a281a25-3440-473c-b451-9188e9239052', 'Alderforce North Limited', FALSE) ON CONFLICT DO NOTHING;
INSERT INTO clients (company, portal_enabled, created_at, portal_token, client_name, archived) VALUES ('ALDERFORCE SC LTD', TRUE, '2026-01-28 08:58:10.791586', '05436c81-e16b-49dc-aa15-f83ffdcdf10a', 'ALDERFORCE SC LTD', FALSE) ON CONFLICT DO NOTHING;
INSERT INTO clients (company, portal_enabled, created_at, portal_token, client_name, archived) VALUES ('Cuppachai Limited', TRUE, '2026-01-28 08:58:10.801100', '90cbc4a5-3a61-4306-8170-ca4eb862d007', 'Cuppachai Limited', FALSE) ON CONFLICT DO NOTHING;
INSERT INTO clients (company, portal_enabled, created_at, portal_token, client_name, archived) VALUES ('Cuppacoff (SC) Limited', TRUE, '2026-01-28 08:58:10.806721', '80b3bfd0-c2d6-464f-a85a-15233cd99c38', 'Cuppacoff (SC) Limited', FALSE) ON CONFLICT DO NOTHING;
INSERT INTO clients (company, portal_enabled, created_at, portal_token, client_name, archived) VALUES ('Cuppacoff Limited', TRUE, '2026-01-28 08:58:10.815738', '8908d073-e377-4e47-a0c3-fd7a6ba95020', 'Cuppacoff Limited', FALSE) ON CONFLICT DO NOTHING;
INSERT INTO clients (company, portal_enabled, created_at, portal_token, client_name, archived) VALUES ('Lion Heart Ltd ', TRUE, '2026-01-28 08:58:10.832957', '0863dec6-5607-4960-83ab-5ec53f5d8d44', 'Lion Heart Ltd ', FALSE) ON CONFLICT DO NOTHING;
INSERT INTO clients (company, portal_enabled, created_at, portal_token, client_name, archived) VALUES ('Maitrise Hotel Ltd ', TRUE, '2026-01-28 08:58:10.838469', '98b974f1-1ef0-466a-b3ee-56b9f2c572fc', 'Maitrise Hotel Ltd ', FALSE) ON CONFLICT DO NOTHING;
INSERT INTO clients (company, portal_enabled, created_at, portal_token, client_name, archived) VALUES ('Marsdens Caterers of Sheffield Ltd', TRUE, '2026-01-28 08:58:10.841969', '4e67ca6a-fb79-442a-a720-1c2f54b43079', 'Marsdens Caterers of Sheffield Ltd', FALSE) ON CONFLICT DO NOTHING;
INSERT INTO clients (company, portal_enabled, created_at, portal_token, client_name, archived) VALUES ('Royale Restaurants Ltd', TRUE, '2026-01-28 08:58:10.851996', 'ac973a97-593b-410f-ba44-b078f1b737a9', 'Royale Restaurants Ltd', FALSE) ON CONFLICT DO NOTHING;
INSERT INTO clients (company, portal_enabled, created_at, portal_token, client_name, archived) VALUES ('SUPERCHARGER CENTRAL LTD', TRUE, '2026-01-28 08:58:10.856726', '87eef6ba-99f7-46bb-8fc1-a120efbb88d3', 'SUPERCHARGER CENTRAL LTD', FALSE) ON CONFLICT DO NOTHING;
INSERT INTO clients (company, portal_enabled, created_at, portal_token, client_name, archived) VALUES ('SUPERCHARGER RESTAURANTS LTD', TRUE, '2026-01-28 08:58:10.865735', 'b9b69bad-0e22-483b-9691-e04f2e11e1df', 'SUPERCHARGER RESTAURANTS LTD', FALSE) ON CONFLICT DO NOTHING;
INSERT INTO clients (company, portal_enabled, created_at, portal_token, client_name, archived) VALUES ('SUPERCHARGER SOUTH LTD', TRUE, '2026-01-28 08:58:10.874397', 'fb1f499f-7e3f-46f6-8a9b-586cad284d59', 'SUPERCHARGER SOUTH LTD', FALSE) ON CONFLICT DO NOTHING;
INSERT INTO clients (company, portal_enabled, created_at, portal_token, client_name, archived) VALUES ('TACO TIME LTD', TRUE, '2026-01-28 08:58:10.884924', 'de0b4bc3-7b57-485e-af13-48a6201958d8', 'TACO TIME LTD', FALSE) ON CONFLICT DO NOTHING;
INSERT INTO clients (company, portal_enabled, created_at, portal_token, client_name, archived) VALUES ('TACO-TIME (SC) LTD', TRUE, '2026-01-28 08:58:10.895436', '7ae6c8e5-cd39-4e68-ae1b-8a8828682a0b', 'TACO-TIME (SC) LTD', FALSE) ON CONFLICT DO NOTHING;

INSERT INTO clients (client_name, portal_enabled, archived) VALUES ('Test Client', FALSE, FALSE) ON CONFLICT DO NOTHING;
INSERT INTO clients (client_name, portal_enabled, archived) VALUES ('Chuck and Blade', TRUE, FALSE) ON CONFLICT DO NOTHING;

-- Data for engineers
INSERT INTO engineers (contact_name, created_at, email, phone) VALUES ('pnj_admin', '2026-01-27 12:42:28.858534', 'admin@pnjcleaning.co.uk', '0123456789') ON CONFLICT DO NOTHING;
INSERT INTO engineers (contact_name, created_at, email, phone) VALUES ('Gary Kelly', '2026-01-27 14:38:35.847376', 'gary@pnjcleaning.co.uk', '+44 758 512 7242') ON CONFLICT DO NOTHING;
INSERT INTO engineers (contact_name, created_at, email, phone) VALUES ('Paul Kelly', '2026-01-27 20:15:07.982538', 'Pauldkelly@outlook.com', '07970809518') ON CONFLICT DO NOTHING;
INSERT INTO engineers (contact_name, created_at, phone) VALUES ('Mike Morley', '2026-01-27 22:45:21.809272', '447873781548') ON CONFLICT DO NOTHING;
INSERT INTO engineers (contact_name, created_at, phone) VALUES ('Stuart Mahon', '2026-01-27 22:45:21.817794', '447949484122') ON CONFLICT DO NOTHING;
INSERT INTO engineers (contact_name, created_at, phone) VALUES ('Mitchell Fisher', '2026-01-27 22:45:21.819296', '447925085375') ON CONFLICT DO NOTHING;
INSERT INTO engineers (contact_name, created_at, phone) VALUES ('Kristian', '2026-01-27 22:45:21.820802', '447391095261') ON CONFLICT DO NOTHING;
INSERT INTO engineers (contact_name, created_at, phone) VALUES ('Tom Cambers', '2026-01-27 22:45:21.821804', '447456061001') ON CONFLICT DO NOTHING;
INSERT INTO engineers (contact_name, created_at) VALUES ('Matt', '2026-01-27 22:45:21.821804') ON CONFLICT DO NOTHING;
INSERT INTO engineers (contact_name, created_at, phone) VALUES ('Mike Drover', '2026-01-27 22:45:21.823313', '447944428089') ON CONFLICT DO NOTHING;
INSERT INTO engineers (contact_name, created_at, phone) VALUES ('Steve Mahon', '2026-01-27 22:45:21.823813', '447970827999') ON CONFLICT DO NOTHING;
INSERT INTO engineers (contact_name, created_at, phone) VALUES ('Ashleigh Pearse Lovick', '2026-01-27 22:45:22.160602', '447794954236') ON CONFLICT DO NOTHING;
INSERT INTO engineers (contact_name, created_at, phone) VALUES ('Hussein', '2026-01-27 22:45:22.320956', '447958590127') ON CONFLICT DO NOTHING;
INSERT INTO engineers (contact_name, created_at, phone) VALUES ('Jack Gatehouse', '2026-01-27 22:45:22.321457', '447595099535') ON CONFLICT DO NOTHING;

-- Data for brands
INSERT INTO brands (brand_name, id, created_at) VALUES ('Pizza Hut', 1, '2026-01-28 08:58:10.526358') ON CONFLICT DO NOTHING;
INSERT INTO brands (brand_name, id, created_at) VALUES ('Taco Bell', 2, '2026-01-28 08:58:10.551113') ON CONFLICT DO NOTHING;
INSERT INTO brands (brand_name, id, created_at) VALUES ('Ice Kings Group', 3, '2026-01-28 08:58:10.582180') ON CONFLICT DO NOTHING;
INSERT INTO brands (brand_name, id, created_at) VALUES ('Springfield', 4, '2026-01-28 08:58:10.602217') ON CONFLICT DO NOTHING;
INSERT INTO brands (brand_name, id, created_at) VALUES ('KFC', 5, '2026-01-28 08:58:10.613737') ON CONFLICT DO NOTHING;
INSERT INTO brands (brand_name, id, created_at) VALUES ('est', 6, '2026-01-28 08:58:10.661172') ON CONFLICT DO NOTHING;
INSERT INTO brands (brand_name, id, created_at) VALUES ('KFC      8920', 7, '2026-01-28 08:58:10.713892') ON CONFLICT DO NOTHING;
INSERT INTO brands (brand_name, id, created_at) VALUES ('Burger King', 8, '2026-01-28 08:58:10.747491') ON CONFLICT DO NOTHING;
INSERT INTO brands (brand_name, id, created_at) VALUES ('Chaiiwala', 9, '2026-01-28 08:58:10.799101') ON CONFLICT DO NOTHING;
INSERT INTO brands (brand_name, id, created_at) VALUES ('Costa', 10, '2026-01-28 08:58:10.804721') ON CONFLICT DO NOTHING;
INSERT INTO brands (brand_name, id, created_at) VALUES ('Anytime Fitness', 11, '2026-01-28 08:58:10.830772') ON CONFLICT DO NOTHING;
INSERT INTO brands (brand_name, id, created_at) VALUES ('Maitrise Hotels', 12, '2026-01-28 08:58:10.836469') ON CONFLICT DO NOTHING;

-- Data for client_sites
INSERT INTO client_sites (id, address, archived, brand_name, site_name, client_name, created_at) VALUES (1, '86 London Road, East Grinstead, RH19 1EP', FALSE, 'Pizza Hut', 'Pizza Hut East Grinstead', 'Pizza Hut', '2026-01-28 08:58:10.535382') ON CONFLICT DO NOTHING;
INSERT INTO client_sites (id, address, archived, brand_name, site_name, client_name, created_at) VALUES (2, '84 Brighton Road, Coulsdon, CR5 2NA', FALSE, 'Pizza Hut', 'Coulsdon Pizza Hut', 'Pizza Hut', '2026-01-28 08:58:10.536878') ON CONFLICT DO NOTHING;
INSERT INTO client_sites (id, address, archived, brand_name, site_name, client_name, created_at) VALUES (3, '78 High Street, Acton, London,  W3 6LE', FALSE, 'Pizza Hut', 'ARIF Pizza Huts', 'Pizza Hut', '2026-01-28 08:58:10.538379') ON CONFLICT DO NOTHING;
INSERT INTO client_sites (id, address, archived, brand_name, site_name, client_name, created_at) VALUES (4, 'Unit 4 Food Court, Eastgate shopping Centre, Basildon, Essex', FALSE, 'Taco Bell', 'Taco Bell', 'Taco Bell', '2026-01-28 08:58:10.558122') ON CONFLICT DO NOTHING;
INSERT INTO client_sites (id, address, archived, brand_name, site_name, client_name, created_at) VALUES (5, 'Brighton Road, Coulsdon', FALSE, 'Ice Kings Group', 'KFC East Grinstead', 'JM Resturants ', '2026-01-28 08:58:10.587188') ON CONFLICT DO NOTHING;
INSERT INTO client_sites (id, address, archived, brand_name, site_name, client_name, created_at) VALUES (6, '86 London Road, East Grinstead', FALSE, 'Ice Kings Group', 'KFC Caterham', 'JM Resturants ', '2026-01-28 08:58:10.588694') ON CONFLICT DO NOTHING;
INSERT INTO client_sites (id, address, archived, brand_name, site_name, client_name, created_at) VALUES (7, '46 High Street, Caterham', FALSE, 'Ice Kings Group', 'KFC Addlestone', 'JM Resturants ', '2026-01-28 08:58:10.589193') ON CONFLICT DO NOTHING;
INSERT INTO client_sites (id, address, archived, brand_name, site_name, client_name, created_at) VALUES (8, 'Addington Road, Selsdon', FALSE, 'Ice Kings Group', 'KFC Richmond', 'JM Resturants ', '2026-01-28 08:58:10.590192') ON CONFLICT DO NOTHING;
INSERT INTO client_sites (id, address, archived, brand_name, site_name, client_name, created_at) VALUES (9, 'Kew Road, Richmond', FALSE, 'Ice Kings Group', 'KFC Putney', 'JM Resturants ', '2026-01-28 08:58:10.590694') ON CONFLICT DO NOTHING;
INSERT INTO client_sites (id, address, archived, brand_name, site_name, client_name, created_at) VALUES (10, '38 High Street, Putney,  SW15 1SQ', FALSE, 'Ice Kings Group', 'KFC Thornton Heath', 'CM Resturants', '2026-01-28 08:58:10.593193') ON CONFLICT DO NOTHING;
INSERT INTO client_sites (id, address, archived, brand_name, site_name, client_name, created_at) VALUES (11, '744-746 London Road, Thornton Heath,  CR7 6JA', FALSE, 'Ice Kings Group', 'KFC Epsom', 'CM Resturants', '2026-01-28 08:58:10.595702') ON CONFLICT DO NOTHING;
INSERT INTO client_sites (id, address, archived, brand_name, site_name, client_name, created_at) VALUES (12, '17 High Street, Epsom,  KT19 8DD', FALSE, 'Ice Kings Group', 'KFC Richmond', 'CM Resturants', '2026-01-28 08:58:10.595702') ON CONFLICT DO NOTHING;
INSERT INTO client_sites (id, address, archived, brand_name, site_name, client_name, created_at) VALUES (13, '21-23 Kew Road, Richmond,  TW9 2NQ', FALSE, 'Ice Kings Group', 'KFC Norbury', 'CM Resturants', '2026-01-28 08:58:10.596706') ON CONFLICT DO NOTHING;
INSERT INTO client_sites (id, address, archived, brand_name, site_name, client_name, created_at) VALUES (14, '1509 London Road, Norbury,  SW16 4AE', FALSE, 'Ice Kings Group', 'KFC Mitcham', 'CM Resturants', '2026-01-28 08:58:10.597713') ON CONFLICT DO NOTHING;
INSERT INTO client_sites (id, address, archived, brand_name, site_name, client_name, created_at) VALUES (15, '231 London Road, Mitcham,  CR4 3NH', FALSE, 'Ice Kings Group', 'KFC Southside', 'Iceking Resturants ', '2026-01-28 08:58:10.600211') ON CONFLICT DO NOTHING;
INSERT INTO client_sites (id, address, archived, brand_name, site_name, client_name, created_at) VALUES (16, 'Unit 8 Castle Vale', FALSE, 'Springfield', 'Burger and Sauce - Castle Vale', 'Springfield Catering Equipment ', '2026-01-28 08:58:10.607228') ON CONFLICT DO NOTHING;
INSERT INTO client_sites (id, address, archived, brand_name, site_name, client_name, created_at) VALUES (17, 'Excape, Milton Keynes', FALSE, 'Springfield', 'Wingking - Escape', 'Springfield Catering Equipment ', '2026-01-28 08:58:10.608729') ON CONFLICT DO NOTHING;
INSERT INTO client_sites (id, address, archived, brand_name, site_name, client_name, created_at) VALUES (18, '109 Oxford Road, Reading', FALSE, 'Springfield', 'Piri Piri - Reading', 'Springfield Catering Equipment ', '2026-01-28 08:58:10.609730') ON CONFLICT DO NOTHING;
INSERT INTO client_sites (id, address, archived, brand_name, site_name, client_name, created_at) VALUES (19, 'Bull Ring, Birmingham', FALSE, 'Springfield', 'Burger and Sauce - Bull Ring', 'Springfield Catering Equipment ', '2026-01-28 08:58:10.610731') ON CONFLICT DO NOTHING;
INSERT INTO client_sites (id, address, archived, brand_name, site_name, client_name, created_at) VALUES (20, '482 Mansfield Road, Sherwood, Nottingham', FALSE, 'Springfield', 'Tipu Sultan - Mansfield Rd', 'Springfield Catering Equipment ', '2026-01-28 08:58:10.611228') ON CONFLICT DO NOTHING;
INSERT INTO client_sites (id, address, archived, brand_name, site_name, client_name, created_at) VALUES (21, '8 Whiteleys Parade,  Uxbridge Road, Hillingdon', FALSE, 'KFC', '8401', 'SME ENTERPRISE LTD', '2026-01-28 08:58:10.621110') ON CONFLICT DO NOTHING;
INSERT INTO client_sites (id, address, archived, brand_name, site_name, client_name, created_at) VALUES (22, '447/449 Alexandra Avenue,  Rayners Lane, Harrow', FALSE, 'KFC', '8403', 'MOSSDYP LTD', '2026-01-28 08:58:10.626119') ON CONFLICT DO NOTHING;
INSERT INTO client_sites (id, address, archived, brand_name, site_name, client_name, created_at) VALUES (23, '88 Chiswick High Road,  Chiswick', FALSE, 'KFC', '8404', 'SME ENTERPRISE LTD', '2026-01-28 08:58:10.627114') ON CONFLICT DO NOTHING;
INSERT INTO client_sites (id, address, archived, brand_name, site_name, client_name, created_at) VALUES (24, 'Haverstock Hill,  Hampstead', FALSE, 'KFC', '8405', 'ALIM INVESTMENTS LTD', '2026-01-28 08:58:10.631126') ON CONFLICT DO NOTHING;
INSERT INTO client_sites (id, address, archived, brand_name, site_name, client_name, created_at) VALUES (25, '8/9 Rochester Parade,  High Street, Feltham', FALSE, 'KFC', '8406', 'ALIM CATERERS LTD', '2026-01-28 08:58:10.634629') ON CONFLICT DO NOTHING;
INSERT INTO client_sites (id, address, archived, brand_name, site_name, client_name, created_at) VALUES (26, '145 Uxbridge Road,  Money Hill Parade, Rickmansworth', FALSE, 'KFC', '8407', 'SME FAST FOODS LTD', '2026-01-28 08:58:10.638136') ON CONFLICT DO NOTHING;
INSERT INTO client_sites (id, address, archived, brand_name, site_name, client_name, created_at) VALUES (27, '276/278 Walsgrave Road,  Coventry', FALSE, 'KFC', '8408', 'SME RESTAURANTS LTD', '2026-01-28 08:58:10.641636') ON CONFLICT DO NOTHING;
INSERT INTO client_sites (id, address, archived, brand_name, site_name, client_name, created_at) VALUES (28, '10/12 Cross Cheaping,  Coventry', FALSE, 'KFC', '8409', 'SME RESTAURANTS LTD', '2026-01-28 08:58:10.642637') ON CONFLICT DO NOTHING;
INSERT INTO client_sites (id, address, archived, brand_name, site_name, client_name, created_at) VALUES (29, 'Unit 27, Stacey Bushes Trading Centre,  Erica Road, Stacey Bushes, Milton Keynes', FALSE, 'KFC', '8411', 'SME FAST FOODS LTD', '2026-01-28 08:58:10.643636') ON CONFLICT DO NOTHING;
INSERT INTO client_sites (id, address, archived, brand_name, site_name, client_name, created_at) VALUES (30, 'one,  Hammersmith', FALSE, 'KFC', '8412', 'GULAB LTD', '2026-01-28 08:58:10.645635') ON CONFLICT DO NOTHING;
INSERT INTO client_sites (id, address, archived, brand_name, site_name, client_name, created_at) VALUES (31, '130-132 Marlowes,  Hemel Hempstead', FALSE, 'KFC', '8417', 'SME FAST FOODS LTD', '2026-01-28 08:58:10.647644') ON CONFLICT DO NOTHING;
INSERT INTO client_sites (id, address, archived, brand_name, site_name, client_name, created_at) VALUES (32, '297 Green Lanes,  Palmers Green', FALSE, 'KFC', '8418', 'ALIM INVESTMENTS LTD', '2026-01-28 08:58:10.649146') ON CONFLICT DO NOTHING;
INSERT INTO client_sites (id, address, archived, brand_name, site_name, client_name, created_at) VALUES (33, '26 Barnsdale Drive,  Westcroft, Milton Keynes', FALSE, 'KFC', '8419', 'SME ENTERPRISE LTD', '2026-01-28 08:58:10.650142') ON CONFLICT DO NOTHING;
INSERT INTO client_sites (id, address, archived, brand_name, site_name, client_name, created_at) VALUES (34, '14/16 Mandeville  Road, Northolt', FALSE, 'KFC', '8420', 'MOSSDYP LTD', '2026-01-28 08:58:10.651145') ON CONFLICT DO NOTHING;
INSERT INTO client_sites (id, address, archived, brand_name, site_name, client_name, created_at) VALUES (35, '268 Northolt Road,  South Harrow', FALSE, 'KFC', '8421', 'MOSSDYP LTD', '2026-01-28 08:58:10.651145') ON CONFLICT DO NOTHING;
INSERT INTO client_sites (id, address, archived, brand_name, site_name, client_name, created_at) VALUES (36, '6 The Mall,  Ealing', FALSE, 'KFC', '8423', 'ALIM CATERERS LTD', '2026-01-28 08:58:10.652654') ON CONFLICT DO NOTHING;
INSERT INTO client_sites (id, address, archived, brand_name, site_name, client_name, created_at) VALUES (37, '107/109 The Broadway,  West Ealing', FALSE, 'KFC', '8424', 'ALIM CATERERS LTD', '2026-01-28 08:58:10.653156') ON CONFLICT DO NOTHING;
INSERT INTO client_sites (id, address, archived, brand_name, site_name, client_name, created_at) VALUES (38, 'Unit 4/5, St. Ann’s Shopping Centre,  St. Ann’s Road, Harrow', FALSE, 'KFC', '8427', 'SME ENTERPRISE LTD', '2026-01-28 08:58:10.653655') ON CONFLICT DO NOTHING;
INSERT INTO client_sites (id, address, archived, brand_name, site_name, client_name, created_at) VALUES (39, 'Unit 2, Vanguard Avenue,  Tile Hill, Coventry', FALSE, 'KFC', '8429', 'FAZAL FAST FOODS LTD', '2026-01-28 08:58:10.657160') ON CONFLICT DO NOTHING;
INSERT INTO client_sites (id, address, archived, brand_name, site_name, client_name, created_at) VALUES (40, '47 Chase Side,  Southgate', FALSE, 'KFC', '8430', 'SME (HAMMERSMITH) LTD', '2026-01-28 08:58:10.660174') ON CONFLICT DO NOTHING;
INSERT INTO client_sites (id, address, archived, brand_name, site_name, client_name, created_at) VALUES (41, 'Unit 4, Kettering Leisure Park, Wellingborough Road,Kettering', FALSE, 'est', '8431', 'SME (HAMMERSMITH) LTD', '2026-01-28 08:58:10.663172') ON CONFLICT DO NOTHING;
INSERT INTO client_sites (id, address, archived, brand_name, site_name, client_name, created_at) VALUES (42, 'The Pavilion Shopping Centre,  37-38 Chequers Square, Uxbridge', FALSE, 'KFC', '8432', 'SME FAST FOODS LTD', '2026-01-28 08:58:10.664675') ON CONFLICT DO NOTHING;
INSERT INTO client_sites (id, address, archived, brand_name, site_name, client_name, created_at) VALUES (43, 'Unit 2, Austin Drive,  Courthouse Green, Coventry', FALSE, 'KFC', '8433', 'FAZAL FAST FOODS LTD', '2026-01-28 08:58:10.665171') ON CONFLICT DO NOTHING;
INSERT INTO client_sites (id, address, archived, brand_name, site_name, client_name, created_at) VALUES (44, 'Unit 3, Sunbury Cross Shopping Center.                ,  Sunbury on Thames', FALSE, 'KFC', '8435', 'SME CATERERS LTD', '2026-01-28 08:58:10.667690') ON CONFLICT DO NOTHING;
INSERT INTO client_sites (id, address, archived, brand_name, site_name, client_name, created_at) VALUES (45, '22 Kenton Park Parade,  Kenton Road, Harrow', FALSE, 'KFC', '8439', 'MOSSDYP LTD', '2026-01-28 08:58:10.669706') ON CONFLICT DO NOTHING;
INSERT INTO client_sites (id, address, archived, brand_name, site_name, client_name, created_at) VALUES (46, '171 Uxbridge Road,  The Vale', FALSE, 'KFC', '8442', 'SME TRADING LTD', '2026-01-28 08:58:10.672207') ON CONFLICT DO NOTHING;
INSERT INTO client_sites (id, address, archived, brand_name, site_name, client_name, created_at) VALUES (47, '96/102 Uxbridge Road,  Shepherd’s Bush', FALSE, 'KFC', '8444', 'SME TRADING LTD', '2026-01-28 08:58:10.673706') ON CONFLICT DO NOTHING;
INSERT INTO client_sites (id, address, archived, brand_name, site_name, client_name, created_at) VALUES (48, '116 Streatham High Road,  Streatham', FALSE, 'KFC', '8446', 'SME TRADING LTD', '2026-01-28 08:58:10.674205') ON CONFLICT DO NOTHING;
INSERT INTO client_sites (id, address, archived, brand_name, site_name, client_name, created_at) VALUES (49, 'Peterborough Services,  J17(A1) Great North Road', FALSE, 'KFC', '8447', 'SME TRADING LTD', '2026-01-28 08:58:10.674705') ON CONFLICT DO NOTHING;
INSERT INTO client_sites (id, address, archived, brand_name, site_name, client_name, created_at) VALUES (50, 'Unit 1, Baldock Services,  A1/A507, Radwell', FALSE, 'KFC', '8448', 'SME TRADING LTD', '2026-01-28 08:58:10.675207') ON CONFLICT DO NOTHING;
INSERT INTO client_sites (id, address, archived, brand_name, site_name, client_name, created_at) VALUES (51, 'Cambridge Services,  A14 Boxworth,Cambridge', FALSE, 'KFC', '8449', 'SME TRADING LTD', '2026-01-28 08:58:10.676207') ON CONFLICT DO NOTHING;
INSERT INTO client_sites (id, address, archived, brand_name, site_name, client_name, created_at) VALUES (52, '290/294 Chester Road,  Castle Bromwich', FALSE, 'KFC', '8450', 'SME TRADING LTD', '2026-01-28 08:58:10.676708') ON CONFLICT DO NOTHING;
INSERT INTO client_sites (id, address, archived, brand_name, site_name, client_name, created_at) VALUES (53, '174 East Road, Cambridge', FALSE, 'KFC', '8451', 'SME TRADING LTD', '2026-01-28 08:58:10.677208') ON CONFLICT DO NOTHING;
INSERT INTO client_sites (id, address, archived, brand_name, site_name, client_name, created_at) VALUES (54, '14 The Precinct,, Mildenhall', FALSE, 'KFC', '8452', 'SME TRADING LTD', '2026-01-28 08:58:10.677208') ON CONFLICT DO NOTHING;
INSERT INTO client_sites (id, address, archived, brand_name, site_name, client_name, created_at) VALUES (55, 'Northern Road,, Sudbury', FALSE, 'KFC', '8454', 'SME TRADING LTD', '2026-01-28 08:58:10.678211') ON CONFLICT DO NOTHING;
INSERT INTO client_sites (id, address, archived, brand_name, site_name, client_name, created_at) VALUES (56, '24 Hampton Road West,, Hanworth', FALSE, 'KFC', '8455', 'SME CORPORATION LTD', '2026-01-28 08:58:10.681219') ON CONFLICT DO NOTHING;
INSERT INTO client_sites (id, address, archived, brand_name, site_name, client_name, created_at) VALUES (57, 'Unit 3, Church Parade, 33 Church Road, Ashford', FALSE, 'KFC', '8456', 'SME CORPORATION LTD', '2026-01-28 08:58:10.682721') ON CONFLICT DO NOTHING;
INSERT INTO client_sites (id, address, archived, brand_name, site_name, client_name, created_at) VALUES (58, 'Unit C, MK Stadium, Saxon Gate, Saxon Street', FALSE, 'KFC', '8457', 'SME CORPORATION LTD', '2026-01-28 08:58:10.683221') ON CONFLICT DO NOTHING;
INSERT INTO client_sites (id, address, archived, brand_name, site_name, client_name, created_at) VALUES (59, 'Pine Square, Moorend Ave, Chelmsley Wood', FALSE, 'KFC', '8458', 'SME CORPORATION LTD', '2026-01-28 08:58:10.683721') ON CONFLICT DO NOTHING;
INSERT INTO client_sites (id, address, archived, brand_name, site_name, client_name, created_at) VALUES (60, 'Tungsten Park, Maple Drive, Coventry Road , Hinkley', FALSE, 'KFC', '8459', 'ALIM CATERERS LTD', '2026-01-28 08:58:10.684722') ON CONFLICT DO NOTHING;
INSERT INTO client_sites (id, address, archived, brand_name, site_name, client_name, created_at) VALUES (61, '80 High Street,, Hampton Hill', FALSE, 'KFC', '8460', 'ALIM CATERERS LTD', '2026-01-28 08:58:10.685224') ON CONFLICT DO NOTHING;
INSERT INTO client_sites (id, address, archived, brand_name, site_name, client_name, created_at) VALUES (62, '25 The Broadway Joel StreeT, Northwood Hills', FALSE, 'KFC', '8461', 'MOSSDYP LTD', '2026-01-28 08:58:10.685724') ON CONFLICT DO NOTHING;
INSERT INTO client_sites (id, address, archived, brand_name, site_name, client_name, created_at) VALUES (63, 'Wisbech Road, March', FALSE, 'KFC', '8462', 'SME FAST FOODS LTD', '2026-01-28 08:58:10.686724') ON CONFLICT DO NOTHING;
INSERT INTO client_sites (id, address, archived, brand_name, site_name, client_name, created_at) VALUES (64, '96 Oxford Road, Denham', FALSE, 'KFC', '8463', 'SME CORPORATION (2) LTD', '2026-01-28 08:58:10.689230') ON CONFLICT DO NOTHING;
INSERT INTO client_sites (id, address, archived, brand_name, site_name, client_name, created_at) VALUES (65, 'Unit 6, Ely, Leisure Village, Downham Road', FALSE, 'KFC', '8464', 'SME ENTERPRISE LTD', '2026-01-28 08:58:10.690736') ON CONFLICT DO NOTHING;
INSERT INTO client_sites (id, address, archived, brand_name, site_name, client_name, created_at) VALUES (66, 'Michael Way, Raunds, Ringstead', FALSE, 'KFC', '8465', 'SME CORPORATION (2) LTD', '2026-01-28 08:58:10.691236') ON CONFLICT DO NOTHING;
INSERT INTO client_sites (id, address, archived, brand_name, site_name, client_name, created_at) VALUES (67, 'Unit SA06, 10 Deer Walk, Milton Keynes', FALSE, 'KFC', '8466', 'SME CORPORATION (2) LTD', '2026-01-28 08:58:10.691736') ON CONFLICT DO NOTHING;
INSERT INTO client_sites (id, address, archived, brand_name, site_name, client_name, created_at) VALUES (68, 'Olivier Way', FALSE, 'KFC', '8467', 'SME CORPORATION (2) LTD', '2026-01-28 08:58:10.692236') ON CONFLICT DO NOTHING;
INSERT INTO client_sites (id, address, archived, brand_name, site_name, client_name, created_at) VALUES (69, 'Unit 1,Oaks Shopping Center, Acton', FALSE, 'KFC', '8468', 'SME CORPORATION (2) LTD', '2026-01-28 08:58:10.693238') ON CONFLICT DO NOTHING;
INSERT INTO client_sites (id, address, archived, brand_name, site_name, client_name, created_at) VALUES (70, '47 Maylands Avenue', FALSE, 'KFC', '8469', 'SME CORPORATION (2) LTD', '2026-01-28 08:58:10.693739') ON CONFLICT DO NOTHING;
INSERT INTO client_sites (id, address, archived, brand_name, site_name, client_name, created_at) VALUES (71, '5 ST Andrews Street, Cambridge', FALSE, 'KFC', '8470', 'SME CORPORATION (2) LTD', '2026-01-28 08:58:10.694236') ON CONFLICT DO NOTHING;
INSERT INTO client_sites (id, address, archived, brand_name, site_name, client_name, created_at) VALUES (72, 'ELMSWELL GATE,TOWERGATE, MILTON KEYNES', FALSE, 'KFC', '8471', 'SME CORPORATION LTD', '2026-01-28 08:58:10.694736') ON CONFLICT DO NOTHING;
INSERT INTO client_sites (id, address, archived, brand_name, site_name, client_name, created_at) VALUES (73, '836 Bristol Road South, Northfield, Birmingham', FALSE, 'KFC', '8472', 'SME CORPORATION LTD', '2026-01-28 08:58:10.695739') ON CONFLICT DO NOTHING;
INSERT INTO client_sites (id, address, archived, site_name, client_name, created_at) VALUES (74, '53-55 South Street,Romford,  RM1 1NL', FALSE, 'Romford- South Street', 'FT FOOS LTD', '2026-01-28 08:58:10.700876') ON CONFLICT DO NOTHING;
INSERT INTO client_sites (id, address, archived, site_name, client_name, created_at) VALUES (75, '687 High Road,Seven Kings,  IG3 8RQ', FALSE, 'Seven Kings', 'GR FOODS LTD', '2026-01-28 08:58:10.703883') ON CONFLICT DO NOTHING;
INSERT INTO client_sites (id, address, archived, site_name, client_name, created_at) VALUES (76, '31 WoodGrange Road, Forest Gate,  E7 8BA', FALSE, 'Forest Gate', 'GR FOODS LTD', '2026-01-28 08:58:10.704884') ON CONFLICT DO NOTHING;
INSERT INTO client_sites (id, address, archived, site_name, client_name, created_at) VALUES (77, '204-206 High Road, Ilford.,  IG1 1BQ', FALSE, 'Ilford High Street', 'MFT RESTURANTS LTD', '2026-01-28 08:58:10.707384') ON CONFLICT DO NOTHING;
INSERT INTO client_sites (id, address, archived, site_name, client_name, created_at) VALUES (78, '84 Whitechapel,High Street ,Aldgate,  E1 7QX', FALSE, 'White Chapel', 'TAFS FOODS LTD', '2026-01-28 08:58:10.709892') ON CONFLICT DO NOTHING;
INSERT INTO client_sites (id, address, archived, site_name, client_name, created_at) VALUES (79, '381 Mile End Road, London,  E3 4QS', FALSE, 'Mile End', 'FT FOOS LTD', '2026-01-28 08:58:10.711392') ON CONFLICT DO NOTHING;
INSERT INTO client_sites (id, address, archived, site_name, client_name, created_at) VALUES (80, '406 Bethnal Green Road,  E2 0DJ', FALSE, 'Bethnel Green', 'FT FOOS LTD', '2026-01-28 08:58:10.711891') ON CONFLICT DO NOTHING;
INSERT INTO client_sites (id, address, archived, site_name, client_name, created_at) VALUES (81, 'Unit 115,Victoria Place,Buckingham palace Rd.,  SW1W 9SJ', FALSE, 'Victoria Station', 'FT FOOS LTD', '2026-01-28 08:58:10.712391') ON CONFLICT DO NOTHING;
INSERT INTO client_sites (id, address, archived, brand_name, site_name, client_name, created_at) VALUES (82, '128 Kingsland High Street', FALSE, 'KFC      8920', 'KFC      8929', 'KFC      8920', '2026-01-28 08:58:10.719426') ON CONFLICT DO NOTHING;
INSERT INTO client_sites (id, address, archived, brand_name, site_name, client_name, created_at) VALUES (83, '406 Bethnal Green Road', FALSE, 'KFC      8920', 'KFC      8921', 'KFC      8920', '2026-01-28 08:58:10.719926') ON CONFLICT DO NOTHING;
INSERT INTO client_sites (id, address, archived, brand_name, site_name, client_name, created_at) VALUES (84, '71 Tottenham Court Road', FALSE, 'KFC      8920', 'KFC      8923', 'KFC      8920', '2026-01-28 08:58:10.721435') ON CONFLICT DO NOTHING;
INSERT INTO client_sites (id, address, archived, brand_name, site_name, client_name, created_at) VALUES (85, 'UNIT 115 Victoria Place', FALSE, 'KFC      8920', 'KFC      8924', 'KFC      8920', '2026-01-28 08:58:10.721935') ON CONFLICT DO NOTHING;
INSERT INTO client_sites (id, address, archived, brand_name, site_name, client_name, created_at) VALUES (86, '15 BRIGHTON ROAD', FALSE, 'KFC      8920', 'KFC      8925', 'KFC      8920', '2026-01-28 08:58:10.722935') ON CONFLICT DO NOTHING;
INSERT INTO client_sites (id, address, archived, brand_name, site_name, client_name, created_at) VALUES (87, '39 High Street KT12 1DG', FALSE, 'KFC      8920', 'KFC      8926', 'KFC      8920', '2026-01-28 08:58:10.723434') ON CONFLICT DO NOTHING;
INSERT INTO client_sites (id, address, archived, brand_name, site_name, client_name, created_at) VALUES (88, '513 Yorktown Way, York Town, Camberley', FALSE, 'KFC      8920', 'KFC      8927', 'KFC      8920', '2026-01-28 08:58:10.723934') ON CONFLICT DO NOTHING;
INSERT INTO client_sites (id, address, archived, brand_name, site_name, client_name, created_at) VALUES (89, '286 Neasden Lane , Neasden', FALSE, 'KFC      8920', 'KFC      8936', 'KFC      8920', '2026-01-28 08:58:10.724435') ON CONFLICT DO NOTHING;
INSERT INTO client_sites (id, address, archived, brand_name, site_name, client_name, created_at) VALUES (90, '479-481 High Road, Tottenham', FALSE, 'KFC      8920', 'KFC      8937', 'KFC      8920', '2026-01-28 08:58:10.724935') ON CONFLICT DO NOTHING;
INSERT INTO client_sites (id, address, archived, brand_name, site_name, client_name, created_at) VALUES (91, '63 New Street ,  Birmingham', FALSE, 'KFC      8920', 'KFC      8939', 'KFC      8920', '2026-01-28 08:58:10.725435') ON CONFLICT DO NOTHING;
INSERT INTO client_sites (id, address, archived, brand_name, site_name, client_name, created_at) VALUES (92, '1 Lower Parade Sutton, Birmingham', FALSE, 'KFC      8920', 'KFC      8940', 'KFC      8920', '2026-01-28 08:58:10.726936') ON CONFLICT DO NOTHING;
INSERT INTO client_sites (id, address, archived, brand_name, site_name, client_name, created_at) VALUES (93, '67 Queens St, Wolverhampton', FALSE, 'KFC      8920', 'KFC      8941', 'KFC      8920', '2026-01-28 08:58:10.727941') ON CONFLICT DO NOTHING;
INSERT INTO client_sites (id, address, archived, brand_name, site_name, client_name, created_at) VALUES (94, '42 Station Road, Solihull', FALSE, 'KFC      8920', 'KFC', 'KFC      8920', '2026-01-28 08:58:10.728947') ON CONFLICT DO NOTHING;
INSERT INTO client_sites (id, address, archived, brand_name, site_name, client_name, created_at) VALUES (95, 'Unit T1, Two Rivers Shopping Centre, High Str Staines', FALSE, 'KFC      8920', 'KFC      8938', 'KFC      8920', '2026-01-28 08:58:10.728947') ON CONFLICT DO NOTHING;
INSERT INTO client_sites (id, address, archived, brand_name, site_name, client_name, created_at) VALUES (96, '687 High Road, Seven Kings', FALSE, 'KFC      8920', 'KFC      8913', 'KFC      8920', '2026-01-28 08:58:10.730461') ON CONFLICT DO NOTHING;
INSERT INTO client_sites (id, address, archived, brand_name, site_name, client_name, created_at) VALUES (97, '31 Woodgrange Road', FALSE, 'KFC      8920', 'KFC      8914', 'KFC      8920', '2026-01-28 08:58:10.730959') ON CONFLICT DO NOTHING;
INSERT INTO client_sites (id, address, archived, brand_name, site_name, client_name, created_at) VALUES (98, '66 Plumstead High Road', FALSE, 'KFC      8920', 'KFC      8934', 'KFC      8920', '2026-01-28 08:58:10.731459') ON CONFLICT DO NOTHING;
INSERT INTO client_sites (id, address, archived, brand_name, site_name, client_name, created_at) VALUES (99, '399 Green Lanes, London', FALSE, 'KFC      8920', 'KFC      8935', 'KFC      8920', '2026-01-28 08:58:10.731959') ON CONFLICT DO NOTHING;
INSERT INTO client_sites (id, address, archived, brand_name, site_name, client_name, created_at) VALUES (100, '52 London Road, Forest Hill', FALSE, 'KFC      8920', 'KFC      8933', 'KFC      8920', '2026-01-28 08:58:10.732958') ON CONFLICT DO NOTHING;
INSERT INTO client_sites (id, address, archived, brand_name, site_name, client_name, created_at) VALUES (101, '54 Queens Way', FALSE, 'KFC      8920', 'KFC      8930', 'KFC      8920', '2026-01-28 08:58:10.733458') ON CONFLICT DO NOTHING;
INSERT INTO client_sites (id, address, archived, brand_name, site_name, client_name, created_at) VALUES (102, '204-206 High Road Ilford', FALSE, 'KFC      8920', 'KFC      8917', 'KFC      8920', '2026-01-28 08:58:10.733959') ON CONFLICT DO NOTHING;
INSERT INTO client_sites (id, address, archived, brand_name, site_name, client_name, created_at) VALUES (103, 'Brent Cross', FALSE, 'KFC      8920', 'KFC      8931', 'KFC      8920', '2026-01-28 08:58:10.734461') ON CONFLICT DO NOTHING;
INSERT INTO client_sites (id, address, archived, brand_name, site_name, client_name, created_at) VALUES (104, '129-131 old street', FALSE, 'KFC      8920', 'KFC      8932', 'KFC      8920', '2026-01-28 08:58:10.734959') ON CONFLICT DO NOTHING;
INSERT INTO client_sites (id, address, archived, brand_name, site_name, client_name, created_at) VALUES (105, '311 Mare Street', FALSE, 'KFC      8920', 'KFC      8906', 'KFC      8920', '2026-01-28 08:58:10.735458') ON CONFLICT DO NOTHING;
INSERT INTO client_sites (id, address, archived, brand_name, site_name, client_name, created_at) VALUES (106, '84 Whitechapel High Street', FALSE, 'KFC      8920', 'KFC      8907', 'KFC      8920', '2026-01-28 08:58:10.736458') ON CONFLICT DO NOTHING;
INSERT INTO client_sites (id, address, archived, brand_name, site_name, client_name, created_at) VALUES (107, '48 Stratford', FALSE, 'KFC      8920', 'KFC      8909', 'KFC      8920', '2026-01-28 08:58:10.736958') ON CONFLICT DO NOTHING;
INSERT INTO client_sites (id, address, archived, brand_name, site_name, client_name, created_at) VALUES (108, '192 Stoke Newington', FALSE, 'KFC      8920', 'KFC      8910', 'KFC      8920', '2026-01-28 08:58:10.737458') ON CONFLICT DO NOTHING;
INSERT INTO client_sites (id, address, archived, brand_name, site_name, client_name, created_at) VALUES (109, '16-22 Seven Sisters', FALSE, 'KFC      8920', 'KFC      8905', 'KFC      8920', '2026-01-28 08:58:10.737958') ON CONFLICT DO NOTHING;
INSERT INTO client_sites (id, address, archived, brand_name, site_name, client_name, created_at) VALUES (110, '241 Upper Street', FALSE, 'KFC      8920', 'KFC      8915', 'KFC      8920', '2026-01-28 08:58:10.738460') ON CONFLICT DO NOTHING;
INSERT INTO client_sites (id, address, archived, brand_name, site_name, client_name, created_at) VALUES (111, '590 leabridge road', FALSE, 'KFC      8920', '8911', 'KFC      8920', '2026-01-28 08:58:10.738959') ON CONFLICT DO NOTHING;
INSERT INTO client_sites (id, address, archived, brand_name, site_name, client_name, created_at) VALUES (112, '283 High Road Leyton, London', FALSE, 'KFC      8920', 'KFC     10703', 'KFC      8920', '2026-01-28 08:58:10.739461') ON CONFLICT DO NOTHING;
INSERT INTO client_sites (id, address, archived, brand_name, site_name, client_name, created_at) VALUES (113, 'Unit 4A Leyton Mills Retail Park, London', FALSE, 'KFC      8920', 'KFC     10704', 'KFC      8920', '2026-01-28 08:58:10.740467') ON CONFLICT DO NOTHING;
INSERT INTO client_sites (id, address, archived, brand_name, site_name, client_name, created_at) VALUES (114, '249 Walworth Road, London', FALSE, 'KFC      8920', 'KFC     10706', 'KFC      8920', '2026-01-28 08:58:10.740972') ON CONFLICT DO NOTHING;
INSERT INTO client_sites (id, address, archived, brand_name, site_name, client_name, created_at) VALUES (115, '139 George Lane, London', FALSE, 'KFC      8920', 'KFC     10707', 'KFC      8920', '2026-01-28 08:58:10.741971') ON CONFLICT DO NOTHING;
INSERT INTO client_sites (id, address, archived, brand_name, site_name, client_name, created_at) VALUES (116, '323 Grays Inn Road, London', FALSE, 'KFC      8920', 'KFC     10709', 'KFC      8920', '2026-01-28 08:58:10.742972') ON CONFLICT DO NOTHING;
INSERT INTO client_sites (id, address, archived, brand_name, site_name, client_name, created_at) VALUES (117, '348 Kennington Lane, London', FALSE, 'KFC      8920', 'KFC     10710', 'KFC      8920', '2026-01-28 08:58:10.742972') ON CONFLICT DO NOTHING;
INSERT INTO client_sites (id, address, archived, brand_name, site_name, client_name, created_at) VALUES (118, '29 THE PARADE STREATHAM HIGH ROAD LONDON', FALSE, 'KFC      8920', 'GDK', 'KFC      8920', '2026-01-28 08:58:10.744481') ON CONFLICT DO NOTHING;
INSERT INTO client_sites (id, address, archived, brand_name, site_name, client_name, created_at) VALUES (119, '9 Harpur Street,  MK40 1LA', FALSE, 'Burger King', 'HS', 'Adil Catering Ltd', '2026-01-28 08:58:10.753519') ON CONFLICT DO NOTHING;
INSERT INTO client_sites (id, address, archived, brand_name, site_name, client_name, created_at) VALUES (120, 'Interchange Retail Park,  MK42 7AZ', FALSE, 'Burger King', 'DT', 'Adil Catering Ltd', '2026-01-28 08:58:10.755018') ON CONFLICT DO NOTHING;
INSERT INTO client_sites (id, address, archived, brand_name, site_name, client_name, created_at) VALUES (121, '41 Church Street,  CR0 1RH', FALSE, 'Burger King', 'HS', 'Adil Catering Ltd ', '2026-01-28 08:58:10.758518') ON CONFLICT DO NOTHING;
INSERT INTO client_sites (id, address, archived, brand_name, site_name, client_name, created_at) VALUES (122, 'Unit 169-198, Arndale Shopping Centre, Luton, Bedfordshire,   LU1 2LJ', FALSE, 'Burger King', 'SC', 'Adil Catering Ltd ', '2026-01-28 08:58:10.760020') ON CONFLICT DO NOTHING;
INSERT INTO client_sites (id, address, archived, brand_name, site_name, client_name, created_at) VALUES (123, '11 Saxon Street,   MK2 2EN', FALSE, 'Burger King', 'DT', 'Adil Catering Ltd ', '2026-01-28 08:58:10.761529') ON CONFLICT DO NOTHING;
INSERT INTO client_sites (id, address, archived, brand_name, site_name, client_name, created_at) VALUES (124, '11 - 12 Alexandra Terrace, Kingsthorpe, Northampton,  NN2 7SJ', FALSE, 'KFC', 'HS REST', 'Alderforce Limited', '2026-01-28 08:58:10.768537') ON CONFLICT DO NOTHING;
INSERT INTO client_sites (id, address, archived, brand_name, site_name, client_name, created_at) VALUES (125, 'St Peters Road, Huntingdon,  PE29 7DE', FALSE, 'KFC', 'DT', 'Alderforce Limited', '2026-01-28 08:58:10.769539') ON CONFLICT DO NOTHING;
INSERT INTO client_sites (id, address, archived, brand_name, site_name, client_name, created_at) VALUES (126, '68 High Street West ,  NE28 8HX', FALSE, 'KFC', 'HS', 'Alderforce North Limited', '2026-01-28 08:58:10.780553') ON CONFLICT DO NOTHING;
INSERT INTO client_sites (id, address, archived, brand_name, site_name, client_name, created_at) VALUES (127, 'Hartlepool Marina Drive Thru, Marina Way,  TS24 0XR', FALSE, 'KFC', 'DT', 'Alderforce North Limited', '2026-01-28 08:58:10.781056') ON CONFLICT DO NOTHING;
INSERT INTO client_sites (id, address, archived, brand_name, site_name, client_name, created_at) VALUES (128, 'Stockton-on-Tees,  TS17 9PL', FALSE, 'KFC', 'EXP', 'Alderforce North Limited', '2026-01-28 08:58:10.783080') ON CONFLICT DO NOTHING;
INSERT INTO client_sites (id, address, archived, brand_name, site_name, client_name, created_at) VALUES (129, 'Clackman Road,Alloa,Clackmanshire FK10 1RP,  FK10 1RP', FALSE, 'KFC', 'DT', 'ALDERFORCE SC LTD', '2026-01-28 08:58:10.794093') ON CONFLICT DO NOTHING;
INSERT INTO client_sites (id, address, archived, brand_name, site_name, client_name, created_at) VALUES (130, '100-106 Renfield Street, Glasgow G2 1NH,   G2 1NH', FALSE, 'KFC', 'HS REST', 'ALDERFORCE SC LTD', '2026-01-28 08:58:10.795593') ON CONFLICT DO NOTHING;
INSERT INTO client_sites (id, address, archived, brand_name, site_name, client_name, created_at) VALUES (131, '53-59 Kilburn High Road, North Maida Vale, London,  NW6 5SB', FALSE, 'Chaiiwala', 'HS REST', 'Cuppachai Limited', '2026-01-28 08:58:10.804221') ON CONFLICT DO NOTHING;
INSERT INTO client_sites (id, address, archived, brand_name, site_name, client_name, created_at) VALUES (132, '231 Gorgie Road, Gorgie, Edinburgh,  EH11 1TU', FALSE, 'Costa', 'HS REST', 'Cuppacoff (SC) Limited', '2026-01-28 08:58:10.809221') ON CONFLICT DO NOTHING;
INSERT INTO client_sites (id, address, archived, brand_name, site_name, client_name, created_at) VALUES (133, 'Phoenix Retail Park, Unit D1, Pegasus Avenue, Linwood Road, Paisley, Renfrewshire,  PA1 2BH', FALSE, 'Costa', 'DT', 'Cuppacoff (SC) Limited', '2026-01-28 08:58:10.814231') ON CONFLICT DO NOTHING;
INSERT INTO client_sites (id, address, archived, brand_name, site_name, client_name, created_at) VALUES (134, '255 High Street, Chatham, Kent,  ME4 4BQ', FALSE, 'Costa', 'HS REST', 'Cuppacoff Limited', '2026-01-28 08:58:10.817747') ON CONFLICT DO NOTHING;
INSERT INTO client_sites (id, address, archived, brand_name, site_name, client_name, created_at) VALUES (135, 'Hermistone Retail Park, Consett, Co. Durham,  DH8 5SB', FALSE, 'Costa', 'DT', 'Cuppacoff Limited', '2026-01-28 08:58:10.822757') ON CONFLICT DO NOTHING;
INSERT INTO client_sites (id, address, archived, brand_name, site_name, client_name, created_at) VALUES (136, '49-51 Kilburn Road London ,  NW6 5SB', FALSE, 'Anytime Fitness', 'GYM', 'Lion Heart Ltd ', '2026-01-28 08:58:10.835465') ON CONFLICT DO NOTHING;
INSERT INTO client_sites (id, address, archived, brand_name, site_name, client_name, created_at) VALUES (137, '53-59 Kilburn Road London', FALSE, 'Maitrise Hotels', 'HOTEL', 'Maitrise Hotel Ltd ', '2026-01-28 08:58:10.840969') ON CONFLICT DO NOTHING;
INSERT INTO client_sites (id, address, archived, brand_name, site_name, client_name, created_at) VALUES (138, '8 Cornmarket, Pontefract,  WF8 1BJ', FALSE, 'KFC', 'HS', 'Marsdens Caterers of Sheffield Ltd', '2026-01-28 08:58:10.843468') ON CONFLICT DO NOTHING;
INSERT INTO client_sites (id, address, archived, brand_name, site_name, client_name, created_at) VALUES (139, '162 Nottingham Road, Mansfield,  NG18 1BW', FALSE, 'KFC', 'DT', 'Marsdens Caterers of Sheffield Ltd', '2026-01-28 08:58:10.845477') ON CONFLICT DO NOTHING;
INSERT INTO client_sites (id, address, archived, brand_name, site_name, client_name, created_at) VALUES (140, '42/44 Putney High Street, Putney, London,,  SW15 1SH', FALSE, 'Burger King', 'HS REST', 'Royale Restaurants Ltd', '2026-01-28 08:58:10.854722') ON CONFLICT DO NOTHING;
INSERT INTO client_sites (id, address, archived, brand_name, site_name, client_name, created_at) VALUES (141, 'Maskew Avenue, Peterborough, ,  PE1 2BT', FALSE, 'Burger King', 'DT', 'Royale Restaurants Ltd', '2026-01-28 08:58:10.855727') ON CONFLICT DO NOTHING;
INSERT INTO client_sites (id, address, archived, brand_name, site_name, client_name, created_at) VALUES (142, '184 Broadway, Bexleyheath DA6 7BT,  DA6 7BT', FALSE, 'KFC', 'HS REST', 'SUPERCHARGER CENTRAL LTD', '2026-01-28 08:58:10.858728') ON CONFLICT DO NOTHING;
INSERT INTO client_sites (id, address, archived, brand_name, site_name, client_name, created_at) VALUES (143, '20-24 Grosvenor Rd, Tunbridge Wells TN1 2AH,  TN12AH', FALSE, 'KFC', 'DT', 'SUPERCHARGER CENTRAL LTD', '2026-01-28 08:58:10.860227') ON CONFLICT DO NOTHING;
INSERT INTO client_sites (id, address, archived, brand_name, site_name, client_name, created_at) VALUES (144, 'M20 Stop 24 Services & Port Early Arrivals, Stanford Intersection, Hythe CT21 4BL,  CT214BL', FALSE, 'KFC', 'FOOD COURT', 'SUPERCHARGER CENTRAL LTD', '2026-01-28 08:58:10.860727') ON CONFLICT DO NOTHING;
INSERT INTO client_sites (id, address, archived, brand_name, site_name, client_name, created_at) VALUES (145, '286 Cheriton Rd, Folkestone CT19 4DW,  CT19 4DW', FALSE, 'KFC', 'HS REST', 'SUPERCHARGER RESTAURANTS LTD', '2026-01-28 08:58:10.868891') ON CONFLICT DO NOTHING;
INSERT INTO client_sites (id, address, archived, brand_name, site_name, client_name, created_at) VALUES (146, ' Castlepoint Shopping Centre, Castle Ln W, Bournemouth BH8 9UP,  BH89UP', FALSE, 'KFC', 'DRIVE TO', 'SUPERCHARGER RESTAURANTS LTD', '2026-01-28 08:58:10.870397') ON CONFLICT DO NOTHING;
INSERT INTO client_sites (id, address, archived, brand_name, site_name, client_name, created_at) VALUES (147, 'A256, Sandwich CT13 9NL,  CT139NL', FALSE, 'KFC', 'DT', 'SUPERCHARGER RESTAURANTS LTD', '2026-01-28 08:58:10.870897') ON CONFLICT DO NOTHING;
INSERT INTO client_sites (id, address, archived, brand_name, site_name, client_name, created_at) VALUES (148, '43-49 High St, Margate CT9 1DX,  CT9 1DX', FALSE, 'KFC', 'HS REST', 'SUPERCHARGER SOUTH LTD', '2026-01-28 08:58:10.877916') ON CONFLICT DO NOTHING;
INSERT INTO client_sites (id, address, archived, brand_name, site_name, client_name, created_at) VALUES (149, 'LO60 Lower Thames Walk, Bluewater, Greenhythe DA9 9SJ,  DA9 9SJ', FALSE, 'KFC', 'FOOD COURT', 'SUPERCHARGER SOUTH LTD', '2026-01-28 08:58:10.879920') ON CONFLICT DO NOTHING;
INSERT INTO client_sites (id, address, archived, brand_name, site_name, client_name, created_at) VALUES (150, 'Priory Shopping Centre, Lowfield St, Dartford DA1 2HS,  DA1 2HS', FALSE, 'KFC', 'SHOPPING CENTRE', 'SUPERCHARGER SOUTH LTD', '2026-01-28 08:58:10.880920') ON CONFLICT DO NOTHING;
INSERT INTO client_sites (id, address, archived, brand_name, site_name, client_name, created_at) VALUES (151, 'Unit R1, C Commercial Centre, Tower Pk, Poole BH1 4NY,  BH1 4NY', FALSE, 'KFC', 'DRIVE TO', 'SUPERCHARGER SOUTH LTD', '2026-01-28 08:58:10.881924') ON CONFLICT DO NOTHING;
INSERT INTO client_sites (id, address, archived, brand_name, site_name, client_name, created_at) VALUES (152, '130 Colindale Avenue, London , NW9 4AX,  NW9 4AX', FALSE, 'Taco Bell', 'HS REST', 'TACO TIME LTD', '2026-01-28 08:58:10.887436') ON CONFLICT DO NOTHING;
INSERT INTO client_sites (id, address, archived, brand_name, site_name, client_name, created_at) VALUES (153, 'Unit 2, The Beacon Brighton ,Hull , HU3 4AE,  HU3 4HA', FALSE, 'Taco Bell', 'DT', 'TACO TIME LTD', '2026-01-28 08:58:10.889437') ON CONFLICT DO NOTHING;
INSERT INTO client_sites (id, address, archived, brand_name, site_name, client_name, created_at) VALUES (154, 'Unit 9, Riverway Retail Park, Irvine,  KA12 8AG', FALSE, 'Taco Bell', 'DT', 'TACO-TIME (SC) LTD', '2026-01-28 08:58:10.898946') ON CONFLICT DO NOTHING;
INSERT INTO client_sites (id, address, archived, brand_name, site_name, client_name, created_at) VALUES (155, '178 Argyle St, Glasgow,  G2 8BT', FALSE, 'Taco Bell', 'HS REST', 'TACO-TIME (SC) LTD', '2026-01-28 08:58:10.899946') ON CONFLICT DO NOTHING;
INSERT INTO client_sites (id, address, archived, brand_name, site_name, client_name, created_at) VALUES (156, '6 Picardy Place, Edinburgh,  EH1 3JT', FALSE, 'Taco Bell', 'HS', 'TACO-TIME (SC) LTD', '2026-01-28 08:58:10.902455') ON CONFLICT DO NOTHING;

-- Data for jobs
INSERT INTO jobs (date, address, time, engineer_contact_name, created_at, priority, status, job_number, client_name, id, notes) VALUES ('2026-01-27', '123 High St, London', '10:00:00', 'pnj_admin', '2026-01-27 12:42:28.862536', 'High', 'Scheduled', 'JN-001', 'Test Client', 1, 'Urgent kitchen extract clean') ON CONFLICT DO NOTHING;
INSERT INTO jobs (date, address, time, engineer_contact_name, created_at, brand, priority, status, job_number, client_name, id, notes) VALUES ('2026-01-08', 'Dolphin Centre, Poole', '09:00:00', 'Gary Kelly', '2026-01-27 14:59:30.812589', 'Chuck and Blade', 'High', 'Completed', 'JN-08012026', 'Chuck and Blade', 2, 'Full system audit and clean') ON CONFLICT DO NOTHING;
INSERT INTO jobs (date, address, time, engineer_contact_name, created_at, priority, status, job_number, client_name, id, company, notes) VALUES ('2026-01-30', 'Dolphin Centre, Poole', '09:00:00', 'Gary Kelly', '2026-01-27 20:14:01.550002', 'Medium', 'Scheduled', 'JN0011', 'Chuck and Blade', 3, 'Chuck and Blade', 'asdasdas a ') ON CONFLICT DO NOTHING;
INSERT INTO jobs (date, address, time, engineer_contact_name, created_at, priority, status, job_number, client_name, id, company) VALUES ('2026-01-30', 'Dolphin Centre, Poole', '20:15:00', 'Paul Kelly', '2026-01-27 20:15:38.771319', 'Medium', 'Scheduled', 'JN00112', 'Chuck and Blade', 4, 'Chuck and Blade') ON CONFLICT DO NOTHING;
INSERT INTO jobs (date, address, time, engineer_contact_name, created_at, priority, status, job_number, client_name, id, company) VALUES ('2026-01-29', '123 High St, London', '22:20:00', 'Paul Kelly', '2026-01-27 20:18:57.723337', 'Medium', 'Scheduled', 'jn00222', 'Test Client', 5, 'The Grill House') ON CONFLICT DO NOTHING;
INSERT INTO jobs (date, address, time, engineer_contact_name, created_at, priority, status, job_number, client_name, id, company) VALUES ('2026-01-30', '123 High St, London', '00:21:00', 'Paul Kelly', '2026-01-27 20:21:56.325501', 'Medium', 'Scheduled', 'asdads', 'Test Client', 6, 'The Grill House') ON CONFLICT DO NOTHING;

-- Data for extraction_reports
INSERT INTO extraction_reports (address, contact_name, cleaning_interval_recommended, job_number, contact_number, id, status, company, risk_pre, date, risk_post, time, engineer_signature, created_at) VALUES ('123 High St, London', 'John Doe', '6 Months', 'JN-002', '0123456789', 1, 'Approved', 'The Grill House', 3, '2026-01-27', 1, '14:00:00', 'pnj_admin', '2026-01-27 12:42:28.862536') ON CONFLICT DO NOTHING;
INSERT INTO extraction_reports (address, cleaning_interval_current, contact_name, cleaning_interval_recommended, job_number, contact_number, id, status, company, risk_pre, date, risk_post, client_signature, time, remedial_requirements, engineer_signature, brand, risk_improvements, created_at) VALUES ('Dolphin Centre, Poole', '6 Months', 'Manager', '3 Months', 'JN-08012026', '01234 567890', 2, 'Approved', 'Chuck and Blade', 3, '2026-01-08', 1, 'Verified on site', '09:00:00', 'Baffle filters need cleaning weekly at least. In poor condition. Riser/duct run has no hatches.', 'Gary Kelly', 'Chuck and Blade', 'Next clean scheduled for April 2026.', '2026-01-27 14:38:35.854401') ON CONFLICT DO NOTHING;
INSERT INTO extraction_reports (address, cleaning_interval_current, contact_name, cleaning_interval_recommended, job_number, contact_number, id, status, company, risk_pre, date, risk_post, client_signature, time, remedial_requirements, engineer_signature, brand, risk_improvements, created_at) VALUES ('Dolphin Centre, Poole', '6 Months', 'Manager', '3 Months', 'JN-08012026', '01234 567890', 3, 'Approved', 'Chuck and Blade', 3, '2026-01-08', 1, 'Verified on site', '09:00:00', 'Baffle filters need cleaning weekly at least. In poor condition. Riser/duct run has no hatches.', 'Gary Kelly', 'Chuck and Blade', 'Next clean scheduled for April 2026.', '2026-01-27 14:53:00.452074') ON CONFLICT DO NOTHING;
INSERT INTO extraction_reports (address, cleaning_interval_current, contact_name, cleaning_interval_recommended, job_number, contact_number, sketch_details, id, status, company, risk_pre, date, risk_post, client_signature, time, remedial_requirements, engineer_signature, brand, risk_improvements, created_at) VALUES ('Dolphin Centre, Poole', '6 Months', 'Manager', '3 Months', 'JN-08012026', '01234 567890', 'Main Canopies and Ducting. Chipper canopy ducting and main ducting inside store. Attenuator not accessible.', 4, 'Approved', 'Chuck and Blade', 3, '2026-01-08', 1, 'Verified on site', '09:00:00', 'Baffle filters need cleaning weekly at least. In poor condition. Riser/duct run has no hatches.', 'Gary Kelly', 'Chuck and Blade', 'Next clean scheduled for April 2026.', '2026-01-27 14:59:30.815594') ON CONFLICT DO NOTHING;

-- Data for extraction_micron_readings
INSERT INTO extraction_micron_readings (report_id, location, pre_clean, description, id, post_clean) VALUES (1, 'T1', 350, 'Canopy', 1, 10) ON CONFLICT DO NOTHING;
INSERT INTO extraction_micron_readings (report_id, location, pre_clean, description, id, post_clean) VALUES (2, 'T1', 350, 'Canopy/Extract Filters', 2, 0) ON CONFLICT DO NOTHING;
INSERT INTO extraction_micron_readings (report_id, location, pre_clean, description, id, post_clean) VALUES (2, 'T1.2', 350, 'Chipper Canopy', 3, 0) ON CONFLICT DO NOTHING;
INSERT INTO extraction_micron_readings (report_id, location, pre_clean, description, id, post_clean) VALUES (2, 'T2', 300, 'Main Duct', 4, 0) ON CONFLICT DO NOTHING;
INSERT INTO extraction_micron_readings (report_id, location, pre_clean, description, id, post_clean) VALUES (2, 'T2.2', 300, 'Chipper Duct', 5, 0) ON CONFLICT DO NOTHING;
INSERT INTO extraction_micron_readings (report_id, location, pre_clean, description, id, post_clean) VALUES (2, 'T3', 300, 'Ducting 3 meters from Canopy ESP', 6, 0) ON CONFLICT DO NOTHING;
INSERT INTO extraction_micron_readings (report_id, location, pre_clean, description, id, post_clean) VALUES (2, 'T5', 300, 'Ducting before Fan', 7, 0) ON CONFLICT DO NOTHING;
INSERT INTO extraction_micron_readings (report_id, location, pre_clean, description, id, post_clean) VALUES (2, 'T6', 300, 'Ducting after Fan', 8, 0) ON CONFLICT DO NOTHING;
INSERT INTO extraction_micron_readings (report_id, location, pre_clean, description, id, post_clean) VALUES (3, 'T1', 350, 'Canopy/Extract Filters', 9, 0) ON CONFLICT DO NOTHING;
INSERT INTO extraction_micron_readings (report_id, location, pre_clean, description, id, post_clean) VALUES (3, 'T1.2', 350, 'Chipper Canopy', 10, 0) ON CONFLICT DO NOTHING;
INSERT INTO extraction_micron_readings (report_id, location, pre_clean, description, id, post_clean) VALUES (3, 'T2', 300, 'Main Duct', 11, 0) ON CONFLICT DO NOTHING;
INSERT INTO extraction_micron_readings (report_id, location, pre_clean, description, id, post_clean) VALUES (3, 'T2.2', 300, 'Chipper Duct', 12, 0) ON CONFLICT DO NOTHING;
INSERT INTO extraction_micron_readings (report_id, location, pre_clean, description, id, post_clean) VALUES (3, 'T3', 300, 'Ducting 3 meters from Canopy ESP', 13, 0) ON CONFLICT DO NOTHING;
INSERT INTO extraction_micron_readings (report_id, location, pre_clean, description, id, post_clean) VALUES (3, 'T5', 300, 'Ducting before Fan', 14, 0) ON CONFLICT DO NOTHING;
INSERT INTO extraction_micron_readings (report_id, location, pre_clean, description, id, post_clean) VALUES (3, 'T6', 300, 'Ducting after Fan', 15, 0) ON CONFLICT DO NOTHING;
INSERT INTO extraction_micron_readings (report_id, location, pre_clean, description, id, post_clean) VALUES (4, 'T1', 350, 'Canopy/Extract Filters', 16, 0) ON CONFLICT DO NOTHING;
INSERT INTO extraction_micron_readings (report_id, location, pre_clean, description, id, post_clean) VALUES (4, 'T1.2', 350, 'Chipper Canopy', 17, 0) ON CONFLICT DO NOTHING;
INSERT INTO extraction_micron_readings (report_id, location, pre_clean, description, id, post_clean) VALUES (4, 'T2', 300, 'Main Duct', 18, 0) ON CONFLICT DO NOTHING;
INSERT INTO extraction_micron_readings (report_id, location, pre_clean, description, id, post_clean) VALUES (4, 'T2.2', 300, 'Chipper Duct', 19, 0) ON CONFLICT DO NOTHING;
INSERT INTO extraction_micron_readings (report_id, location, pre_clean, description, id, post_clean) VALUES (4, 'T3', 300, 'Ducting 3 meters from Canopy ESP', 20, 0) ON CONFLICT DO NOTHING;
INSERT INTO extraction_micron_readings (report_id, location, pre_clean, description, id, post_clean) VALUES (4, 'T5', 300, 'Ducting before Fan', 21, 0) ON CONFLICT DO NOTHING;
INSERT INTO extraction_micron_readings (report_id, location, pre_clean, description, id, post_clean) VALUES (4, 'T6', 300, 'Ducting after Fan', 22, 0) ON CONFLICT DO NOTHING;

-- Data for extraction_inspection_items
INSERT INTO extraction_inspection_items (item_name, report_id, success, fail_status, id, pass_status, advice) VALUES ('Main Ducting', 1, FALSE, FALSE, 1, TRUE, 'All good') ON CONFLICT DO NOTHING;
INSERT INTO extraction_inspection_items (item_name, report_id, success, fail_status, id, pass_status, advice) VALUES ('All cooker canopies and Grease traps', 2, FALSE, FALSE, 2, TRUE, 'Compliant. Baffle filters need cleaning weekly at least. In poor condition.') ON CONFLICT DO NOTHING;
INSERT INTO extraction_inspection_items (item_name, report_id, success, fail_status, id, pass_status, advice) VALUES ('Extraction Ducting (accessible via hatches)', 2, FALSE, FALSE, 3, TRUE, 'Compliant') ON CONFLICT DO NOTHING;
INSERT INTO extraction_inspection_items (item_name, report_id, success, fail_status, id, pass_status, advice) VALUES ('Extraction fan and housing', 2, FALSE, FALSE, 4, TRUE, 'Compliant') ON CONFLICT DO NOTHING;
INSERT INTO extraction_inspection_items (item_name, report_id, success, fail_status, id, pass_status, advice) VALUES ('Duct run', 2, FALSE, FALSE, 5, TRUE, 'Compliant') ON CONFLICT DO NOTHING;
INSERT INTO extraction_inspection_items (item_name, report_id, success, fail_status, id, pass_status, advice) VALUES ('Riser/duct run', 2, FALSE, TRUE, 6, FALSE, 'Risers have no hatches. Also not easily accessible') ON CONFLICT DO NOTHING;
INSERT INTO extraction_inspection_items (item_name, report_id, success, fail_status, id, pass_status, advice) VALUES ('Activated carbon', 2, FALSE, FALSE, 7, FALSE, 'N/A') ON CONFLICT DO NOTHING;
INSERT INTO extraction_inspection_items (item_name, report_id, success, fail_status, id, pass_status, advice) VALUES ('ESP Filters', 2, FALSE, FALSE, 8, FALSE, 'N/A') ON CONFLICT DO NOTHING;
INSERT INTO extraction_inspection_items (item_name, report_id, success, fail_status, id, pass_status, advice) VALUES ('Ozone filters', 2, FALSE, FALSE, 9, FALSE, 'N/A') ON CONFLICT DO NOTHING;
INSERT INTO extraction_inspection_items (item_name, report_id, success, fail_status, id, pass_status, advice) VALUES ('Attenuator (silencers)', 2, FALSE, FALSE, 10, TRUE, 'Good condition but not accessible for full clean') ON CONFLICT DO NOTHING;
INSERT INTO extraction_inspection_items (item_name, report_id, success, fail_status, id, pass_status, advice) VALUES ('All cooker canopies and Grease traps', 3, FALSE, FALSE, 11, TRUE, 'Compliant. Baffle filters need cleaning weekly at least. In poor condition.') ON CONFLICT DO NOTHING;
INSERT INTO extraction_inspection_items (item_name, report_id, success, fail_status, id, pass_status, advice) VALUES ('Extraction Ducting (accessible via hatches)', 3, FALSE, FALSE, 12, TRUE, 'Compliant') ON CONFLICT DO NOTHING;
INSERT INTO extraction_inspection_items (item_name, report_id, success, fail_status, id, pass_status, advice) VALUES ('Extraction fan and housing', 3, FALSE, FALSE, 13, TRUE, 'Compliant') ON CONFLICT DO NOTHING;
INSERT INTO extraction_inspection_items (item_name, report_id, success, fail_status, id, pass_status, advice) VALUES ('Duct run', 3, FALSE, FALSE, 14, TRUE, 'Compliant') ON CONFLICT DO NOTHING;
INSERT INTO extraction_inspection_items (item_name, report_id, success, fail_status, id, pass_status, advice) VALUES ('Riser/duct run', 3, FALSE, TRUE, 15, FALSE, 'Risers have no hatches. Also not easily accessible') ON CONFLICT DO NOTHING;
INSERT INTO extraction_inspection_items (item_name, report_id, success, fail_status, id, pass_status, advice) VALUES ('Activated carbon', 3, FALSE, FALSE, 16, FALSE, 'N/A') ON CONFLICT DO NOTHING;
INSERT INTO extraction_inspection_items (item_name, report_id, success, fail_status, id, pass_status, advice) VALUES ('ESP Filters', 3, FALSE, FALSE, 17, FALSE, 'N/A') ON CONFLICT DO NOTHING;
INSERT INTO extraction_inspection_items (item_name, report_id, success, fail_status, id, pass_status, advice) VALUES ('Ozone filters', 3, FALSE, FALSE, 18, FALSE, 'N/A') ON CONFLICT DO NOTHING;
INSERT INTO extraction_inspection_items (item_name, report_id, success, fail_status, id, pass_status, advice) VALUES ('Attenuator (silencers)', 3, FALSE, FALSE, 19, TRUE, 'Good condition but not accessible for full clean') ON CONFLICT DO NOTHING;
INSERT INTO extraction_inspection_items (item_name, report_id, success, fail_status, id, pass_status, advice) VALUES ('All cooker canopies and Grease traps', 4, FALSE, FALSE, 20, TRUE, 'Compliant. Baffle filters need cleaning weekly at least. In poor condition.') ON CONFLICT DO NOTHING;
INSERT INTO extraction_inspection_items (item_name, report_id, success, fail_status, id, pass_status, advice) VALUES ('Extraction Ducting (accessible via hatches)', 4, FALSE, FALSE, 21, TRUE, 'Compliant') ON CONFLICT DO NOTHING;
INSERT INTO extraction_inspection_items (item_name, report_id, success, fail_status, id, pass_status, advice) VALUES ('Extraction fan and housing', 4, FALSE, FALSE, 22, TRUE, 'Compliant') ON CONFLICT DO NOTHING;
INSERT INTO extraction_inspection_items (item_name, report_id, success, fail_status, id, pass_status, advice) VALUES ('Duct run', 4, FALSE, FALSE, 23, TRUE, 'Compliant') ON CONFLICT DO NOTHING;
INSERT INTO extraction_inspection_items (item_name, report_id, success, fail_status, id, pass_status, advice) VALUES ('Riser/duct run', 4, FALSE, TRUE, 24, FALSE, 'Risers have no hatches. Also not easily accessible') ON CONFLICT DO NOTHING;
INSERT INTO extraction_inspection_items (item_name, report_id, success, fail_status, id, pass_status, advice) VALUES ('Activated carbon', 4, FALSE, FALSE, 25, FALSE, 'N/A') ON CONFLICT DO NOTHING;
INSERT INTO extraction_inspection_items (item_name, report_id, success, fail_status, id, pass_status, advice) VALUES ('ESP Filters', 4, FALSE, FALSE, 26, FALSE, 'N/A') ON CONFLICT DO NOTHING;
INSERT INTO extraction_inspection_items (item_name, report_id, success, fail_status, id, pass_status, advice) VALUES ('Ozone filters', 4, FALSE, FALSE, 27, FALSE, 'N/A') ON CONFLICT DO NOTHING;
INSERT INTO extraction_inspection_items (item_name, report_id, success, fail_status, id, pass_status, advice) VALUES ('Attenuator (silencers)', 4, FALSE, FALSE, 28, TRUE, 'Good condition but not accessible for full clean') ON CONFLICT DO NOTHING;

-- Data for extraction_filter_items
INSERT INTO extraction_filter_items (id, pass_status, filter_type, report_id, quantity, fail_status) VALUES (1, FALSE, 'Stainless Steel Baffle', 2, 1, TRUE) ON CONFLICT DO NOTHING;
INSERT INTO extraction_filter_items (id, pass_status, filter_type, report_id, quantity, fail_status) VALUES (2, FALSE, 'Stainless Steel Baffle', 3, 1, TRUE) ON CONFLICT DO NOTHING;
INSERT INTO extraction_filter_items (id, pass_status, filter_type, report_id, quantity, fail_status) VALUES (3, FALSE, 'Stainless Steel Baffle', 4, 1, TRUE) ON CONFLICT DO NOTHING;

-- Data for extraction_photos
INSERT INTO extraction_photos (report_id, photo_type, id, photo_path, inspection_item) VALUES (3, 'Before', 1, 'E:\Code\Projects\PNJCleaning\backend\app\static\images\image_3.jpeg', 'Main Canopy Initial Build-up') ON CONFLICT DO NOTHING;
INSERT INTO extraction_photos (report_id, photo_type, id, photo_path, inspection_item) VALUES (3, 'After', 2, 'E:\Code\Projects\PNJCleaning\backend\app\static\images\image_5.jpeg', 'Main Canopy Post-Clean') ON CONFLICT DO NOTHING;
INSERT INTO extraction_photos (report_id, photo_type, id, photo_path, inspection_item) VALUES (3, 'Before', 3, 'E:\Code\Projects\PNJCleaning\backend\app\static\images\image_6.jpeg', 'Extract Plenum (Pre)') ON CONFLICT DO NOTHING;
INSERT INTO extraction_photos (report_id, photo_type, id, photo_path, inspection_item) VALUES (3, 'After', 4, 'E:\Code\Projects\PNJCleaning\backend\app\static\images\image_7.jpeg', 'Extract Plenum (Post)') ON CONFLICT DO NOTHING;
INSERT INTO extraction_photos (report_id, photo_type, id, photo_path, inspection_item) VALUES (4, 'Before', 5, 'E:\Code\Projects\PNJCleaning\backend\app\static\images\image_3.jpeg', 'Main Canopy Initial Build-up') ON CONFLICT DO NOTHING;
INSERT INTO extraction_photos (report_id, photo_type, id, photo_path, inspection_item) VALUES (4, 'After', 6, 'E:\Code\Projects\PNJCleaning\backend\app\static\images\image_5.jpeg', 'Main Canopy Post-Clean') ON CONFLICT DO NOTHING;
INSERT INTO extraction_photos (report_id, photo_type, id, photo_path, inspection_item) VALUES (4, 'Before', 7, 'E:\Code\Projects\PNJCleaning\backend\app\static\images\image_6.jpeg', 'Extract Plenum (Pre)') ON CONFLICT DO NOTHING;
INSERT INTO extraction_photos (report_id, photo_type, id, photo_path, inspection_item) VALUES (4, 'After', 8, 'E:\Code\Projects\PNJCleaning\backend\app\static\images\image_7.jpeg', 'Extract Plenum (Post)') ON CONFLICT DO NOTHING;
INSERT INTO extraction_photos (report_id, photo_type, id, photo_path, inspection_item) VALUES (4, 'Before', 9, 'E:\Code\Projects\PNJCleaning\backend\app\static\images\image_8.jpeg', 'Filter Condition (Inner)') ON CONFLICT DO NOTHING;
INSERT INTO extraction_photos (report_id, photo_type, id, photo_path, inspection_item) VALUES (4, 'After', 10, 'E:\Code\Projects\PNJCleaning\backend\app\static\images\image_9.jpeg', 'Filter Track Post-Service') ON CONFLICT DO NOTHING;
INSERT INTO extraction_photos (report_id, photo_type, id, photo_path, inspection_item) VALUES (4, 'Before', 11, 'E:\Code\Projects\PNJCleaning\backend\app\static\images\image_10.jpeg', 'Fan Assembly Housing') ON CONFLICT DO NOTHING;
INSERT INTO extraction_photos (report_id, photo_type, id, photo_path, inspection_item) VALUES (4, 'After', 12, 'E:\Code\Projects\PNJCleaning\backend\app\static\images\image_11.jpeg', 'Fan Blades Cleaned') ON CONFLICT DO NOTHING;

-- 3. Reset Sequences
SELECT setval(pg_get_serial_sequence('users', 'id'), (SELECT MAX(id) FROM users));
SELECT setval(pg_get_serial_sequence('brands', 'id'), (SELECT MAX(id) FROM brands));
SELECT setval(pg_get_serial_sequence('client_sites', 'id'), (SELECT MAX(id) FROM client_sites));
SELECT setval(pg_get_serial_sequence('jobs', 'id'), (SELECT MAX(id) FROM jobs));
SELECT setval(pg_get_serial_sequence('extraction_reports', 'id'), (SELECT MAX(id) FROM extraction_reports));
SELECT setval(pg_get_serial_sequence('extraction_micron_readings', 'id'), (SELECT MAX(id) FROM extraction_micron_readings));
SELECT setval(pg_get_serial_sequence('extraction_photos', 'id'), (SELECT MAX(id) FROM extraction_photos));
SELECT setval(pg_get_serial_sequence('extraction_inspection_items', 'id'), (SELECT MAX(id) FROM extraction_inspection_items));
SELECT setval(pg_get_serial_sequence('extraction_filter_items', 'id'), (SELECT MAX(id) FROM extraction_filter_items));

